epoch,time,train/box_loss,train/cls_loss,train/dfl_loss,metrics/precision(B),metrics/recall(B),metrics/mAP50(B),metrics/mAP50-95(B),val/box_loss,val/cls_loss,val/dfl_loss,lr/pg0,lr/pg1,lr/pg2
1,7.23927,0,29.8034,0,0,0,0,0,0,19.084,0,0.000541419,0.000541419,0.000541419
1,6.22695,0,29.8034,0,0,0,0,0,0,19.084,0,0.000541419,0.000541419,0.000541419
1,3.56783,2.80975,5.07022,2.28273,0.00079,0.14583,0.00058,0.00025,2.66386,4.30129,2.58742,0.0001,0.0001,0.0001
1,7.0766,2.80975,5.07022,2.28273,0.00079,0.14583,0.00058,0.00025,2.66386,4.30129,2.58742,0.0001,0.0001,0.0001
1,0.754805,3.02733,5.06403,2.31933,0.00043,0.0625,0.00252,0.00025,2.71321,4.33612,2.6472,2.5e-05,2.5e-05,2.5e-05
2,1.39934,2.84743,5.07106,2.26589,0,0,0,0,2.67414,4.34143,2.60194,6.18813e-05,6.18813e-05,6.18813e-05
3,2.09969,2.73461,4.94488,2.27923,0.00054,0.0625,0.00038,4e-05,2.62225,4.33141,2.4841,9.802e-05,9.802e-05,9.802e-05
4,2.72792,2.68418,4.71142,2.01808,0.00122,0.14583,0.01606,0.01105,2.65396,4.18753,2.20538,0.000133416,0.000133416,0.000133416
5,3.41065,2.24233,4.40227,1.66726,0.00353,0.35417,0.08456,0.03652,2.41286,4.03023,1.88252,0.00016807,0.00016807,0.00016807
6,4.13958,1.98739,4.14071,1.47016,0.00476,0.625,0.16373,0.06343,2.29411,3.86437,1.73425,0.000201981,0.000201981,0.000201981
7,4.75811,1.89443,3.96645,1.34125,0.00477,0.70833,0.40143,0.20586,2.13823,3.72195,1.56593,0.00023515,0.00023515,0.00023515
8,5.45633,1.86526,3.51121,1.39108,0.00456,0.70833,0.37409,0.1889,2.12753,3.68702,1.55711,0.000267576,0.000267576,0.000267576
9,6.14951,2.02939,3.70283,1.54498,0.00378,0.64583,0.29812,0.1595,2.01422,3.73416,1.60184,0.00029926,0.00029926,0.00029926
10,6.71457,1.80041,3.12791,1.39384,0.00384,0.64583,0.30581,0.14319,1.90063,3.71896,1.53291,0.000330201,0.000330201,0.000330201
11,7.36219,1.64471,2.76922,1.23672,0.004,0.64583,0.33108,0.17058,1.97815,3.72783,1.64825,0.0003604,0.0003604,0.0003604
12,7.91977,1.65893,2.84971,1.2156,0.00422,0.64583,0.34317,0.15287,1.9146,3.75665,1.57534,0.000389856,0.000389856,0.000389856
13,8.53094,1.58769,2.8333,1.218,0.0031,0.5,0.28838,0.14728,1.84261,3.90023,1.63997,0.00041857,0.00041857,0.00041857
14,9.13062,1.62912,2.58143,1.24408,0.00187,0.35417,0.23323,0.11952,1.84032,3.94241,1.72268,0.000446541,0.000446541,0.000446541
15,9.72473,1.51949,2.79487,1.28564,0.00089,0.20833,0.11496,0.07145,1.93989,4.11923,1.94317,0.00047377,0.00047377,0.00047377
16,10.297,1.69284,2.59981,1.29622,0.00095,0.20833,0.11498,0.06301,1.96715,4.13547,1.93474,0.000500256,0.000500256,0.000500256
17,10.9345,1.69153,2.87865,1.35012,0.00197,0.33333,0.2086,0.08785,1.9846,4.06134,1.80663,0.000526,0.000526,0.000526
18,11.6001,1.48397,2.60669,1.21782,0.00271,0.47917,0.21353,0.07553,2.06296,3.88399,1.75134,0.000551001,0.000551001,0.000551001
19,12.1626,1.42415,2.45177,1.12277,0.00333,0.625,0.29847,0.12512,1.97814,3.68871,1.71285,0.00057526,0.00057526,0.00057526
20,12.7413,1.43523,2.2208,1.14072,0.0039,0.70833,0.39598,0.2042,1.89326,3.5617,1.65056,0.000598776,0.000598776,0.000598776
21,13.3004,1.5256,2.29314,1.14809,0.0036,0.64583,0.43522,0.21908,1.84888,3.54252,1.62021,0.00062155,0.00062155,0.00062155
22,13.9966,1.52351,1.97895,1.1971,0.0039,0.72917,0.40694,0.19332,1.75087,3.53759,1.53667,0.000643581,0.000643581,0.000643581
23,14.6595,1.40148,2.0743,1.1269,0.00338,0.64583,0.4024,0.17313,1.81834,3.51889,1.56008,0.00066487,0.00066487,0.00066487
24,15.2695,1.39793,2.05102,1.14086,0.00342,0.64583,0.37447,0.1668,1.78446,3.4982,1.58158,0.000685416,0.000685416,0.000685416
25,15.835,1.58025,2.36739,1.28088,0.39664,0.5,0.39024,0.22982,1.55925,3.42102,1.47774,0.00070522,0.00070522,0.00070522
26,16.4308,1.35154,1.98157,1.11874,0.92826,0.125,0.32354,0.14614,1.61085,3.33369,1.49449,0.000724281,0.000724281,0.000724281
27,17.0074,1.30745,1.95092,1.12284,0.93166,0.125,0.3057,0.14338,1.6641,3.33939,1.58037,0.0007426,0.0007426,0.0007426
28,17.5791,1.37205,2.05841,1.14415,0.75287,0.20833,0.33084,0.1883,1.57804,3.33778,1.58998,0.000760176,0.000760176,0.000760176
29,18.1925,1.22637,1.90736,0.9981,0.75287,0.20833,0.33084,0.1883,1.57804,3.33778,1.58998,0.00077701,0.00077701,0.00077701
30,18.7335,1.35729,2.33896,1.17406,0.54308,0.29167,0.40739,0.23599,1.62467,3.26352,1.58745,0.000793101,0.000793101,0.000793101
31,19.3076,1.33038,1.86515,1.09887,0.60585,0.29167,0.36934,0.21244,1.63374,3.38633,1.64513,0.00080845,0.00080845,0.00080845
32,19.8646,1.41316,1.8778,1.16719,0.43372,0.25695,0.4112,0.24479,1.66139,3.20899,1.67622,0.000823056,0.000823056,0.000823056
33,20.4573,1.36423,1.78143,1.17098,0.43372,0.25695,0.4112,0.24479,1.66139,3.20899,1.67622,0.00083692,0.00083692,0.00083692
34,21.0488,1.43635,2.07058,1.21172,0.71289,0.37296,0.42444,0.21416,1.87954,2.98615,1.87482,0.000841625,0.000841625,0.000841625
35,21.6416,1.36863,1.67645,1.18863,0.61416,0.375,0.39084,0.19733,1.86531,2.89291,1.83177,0.00082925,0.00082925,0.00082925
36,22.2282,1.34989,1.89484,1.20857,0.5647,0.375,0.33517,0.17304,1.91022,2.99864,1.84524,0.000816875,0.000816875,0.000816875
37,22.76,1.24806,1.66053,1.12949,0.5647,0.375,0.33517,0.17304,1.91022,2.99864,1.84524,0.0008045,0.0008045,0.0008045
38,23.3481,1.40947,1.78581,1.15503,0.62992,0.41562,0.32766,0.19157,1.84343,2.8793,1.64884,0.000792125,0.000792125,0.000792125
39,23.8867,1.3369,1.70023,1.18848,0.62874,0.37472,0.32671,0.17094,1.92344,2.90318,1.72116,0.00077975,0.00077975,0.00077975
40,24.4638,1.15378,1.57058,1.06357,0.42577,0.36485,0.3571,0.16877,1.97154,2.78001,1.7208,0.000767375,0.000767375,0.000767375
41,25.029,1.25528,1.59389,1.05124,0.42577,0.36485,0.3571,0.16877,1.97154,2.78001,1.7208,0.000755,0.000755,0.000755
42,25.5963,1.1309,2.03553,1.11497,0.4091,0.45833,0.41283,0.22513,1.97987,2.5965,1.71463,0.000742625,0.000742625,0.000742625
43,26.1584,1.10368,1.41817,1.01792,0.39402,0.46393,0.45011,0.28376,1.77768,2.50914,1.60295,0.00073025,0.00073025,0.00073025
44,26.8228,1.12595,1.4066,1.02585,0.37106,0.52083,0.49635,0.31332,1.64539,2.53135,1.52272,0.000717875,0.000717875,0.000717875
45,27.4137,1.03626,1.55765,1.05277,0.37106,0.52083,0.49635,0.31332,1.64539,2.53135,1.52272,0.0007055,0.0007055,0.0007055
46,28.0293,1.09524,1.19419,1.01342,0.37724,0.52083,0.37138,0.23232,1.77067,2.55374,1.58051,0.000693125,0.000693125,0.000693125
47,28.7601,1.27642,1.53243,1.1523,0.43043,0.52083,0.38771,0.22766,1.8004,2.52069,1.62822,0.00068075,0.00068075,0.00068075
48,29.3156,1.13962,1.52999,1.05465,0.54154,0.48135,0.43496,0.27097,1.69566,2.39146,1.61959,0.000668375,0.000668375,0.000668375
49,29.8724,1.06333,1.36356,1.05946,0.54154,0.48135,0.43496,0.27097,1.69566,2.39146,1.61959,0.000656,0.000656,0.000656
50,27.4792,1.12247,1.5014,1.07837,0.59552,0.45939,0.54894,0.31975,1.73482,2.28311,1.64353,0.000643625,0.000643625,0.000643625
51,28.0876,1.18227,1.61105,1.06576,0.65128,0.47785,0.52567,0.30055,1.73989,2.30987,1.65309,0.00063125,0.00063125,0.00063125
52,28.6715,1.15804,1.32286,1.02126,0.57725,0.47575,0.49889,0.27641,1.74142,2.30303,1.67166,0.000618875,0.000618875,0.000618875
53,29.2657,1.083,1.28122,1.06467,0.57725,0.47575,0.49889,0.27641,1.74142,2.30303,1.67166,0.0006065,0.0006065,0.0006065
54,29.8337,1.02498,1.33217,1.00016,0.57793,0.45439,0.51334,0.26902,1.78278,2.28734,1.70913,0.000594125,0.000594125,0.000594125
55,30.3853,1.0173,1.19372,0.99108,0.46339,0.44577,0.51134,0.28725,1.71033,2.33862,1.66374,0.00058175,0.00058175,0.00058175
56,30.9875,1.03164,1.24676,0.97728,0.38832,0.50984,0.4396,0.25926,1.70279,2.40671,1.63089,0.000569375,0.000569375,0.000569375
57,31.5802,1.10227,1.23384,1.03382,0.38832,0.50984,0.4396,0.25926,1.70279,2.40671,1.63089,0.000557,0.000557,0.000557
58,32.2117,0.98003,1.15056,1.01043,0.38801,0.51674,0.43968,0.26619,1.70545,2.37658,1.64432,0.000544625,0.000544625,0.000544625
59,32.7548,1.07052,1.47581,1.05556,0.36755,0.52083,0.45152,0.26852,1.74612,2.38823,1.70868,0.00053225,0.00053225,0.00053225
60,33.3486,1.00804,1.33604,0.99983,0.45041,0.51424,0.46498,0.27984,1.67488,2.2774,1.69994,0.000519875,0.000519875,0.000519875
61,33.9048,1.05591,1.13074,1.03065,0.45041,0.51424,0.46498,0.27984,1.67488,2.2774,1.69994,0.0005075,0.0005075,0.0005075
62,34.4995,0.92775,1.12174,0.96926,0.49646,0.49641,0.47205,0.26894,1.56556,2.28608,1.64039,0.000495125,0.000495125,0.000495125
63,35.0862,1.0855,1.29699,1.02736,0.50403,0.4908,0.45268,0.25151,1.60195,2.36892,1.66382,0.00048275,0.00048275,0.00048275
64,35.7308,0.98167,1.28743,0.99266,0.474,0.54449,0.44361,0.2513,1.67914,2.37609,1.75042,0.000470375,0.000470375,0.000470375
65,36.3257,0.95049,1.16265,1.02879,0.474,0.54449,0.44361,0.2513,1.67914,2.37609,1.75042,0.000458,0.000458,0.000458
66,36.8839,0.89232,1.15494,0.97503,0.48706,0.55235,0.43034,0.24527,1.71776,2.43147,1.79371,0.000445625,0.000445625,0.000445625
67,37.4539,1.03841,1.12085,0.95574,0.54474,0.43227,0.41284,0.23249,1.69899,2.54932,1.76648,0.00043325,0.00043325,0.00043325
68,38.0115,1.0101,1.18125,0.9419,0.52146,0.4291,0.42698,0.24327,1.75483,2.55846,1.77002,0.000420875,0.000420875,0.000420875
69,38.5677,0.8777,1.09877,0.91343,0.52146,0.4291,0.42698,0.24327,1.75483,2.55846,1.77002,0.0004085,0.0004085,0.0004085
70,39.1347,0.9333,1.09646,0.94491,0.46138,0.56998,0.45208,0.23494,1.85477,2.5246,1.83411,0.000396125,0.000396125,0.000396125
71,39.702,0.86602,1.06112,0.90399,0.44997,0.55062,0.49245,0.24912,1.86543,2.49033,1.85126,0.00038375,0.00038375,0.00038375
72,40.3694,1.03208,1.15095,1.04468,0.5066,0.48094,0.48476,0.24523,1.85619,2.54107,1.81577,0.000371375,0.000371375,0.000371375
73,41.0301,0.94534,1.05686,0.98665,0.5066,0.48094,0.48476,0.24523,1.85619,2.54107,1.81577,0.000359,0.000359,0.000359
74,41.6466,0.94661,1.10025,1.00244,0.49386,0.48976,0.48997,0.27796,1.6981,2.59008,1.67244,0.000346625,0.000346625,0.000346625
75,42.1944,0.94484,1.0833,0.95694,0.46669,0.54531,0.48997,0.30819,1.52973,2.54471,1.51907,0.00033425,0.00033425,0.00033425
76,42.802,0.89062,1.09985,0.96147,0.45426,0.52502,0.49127,0.306,1.4771,2.51704,1.47636,0.000321875,0.000321875,0.000321875
77,43.3673,0.91316,1.13717,0.95135,0.45426,0.52502,0.49127,0.306,1.4771,2.51704,1.47636,0.0003095,0.0003095,0.0003095
78,43.9206,0.86538,1.02016,0.91944,0.40593,0.63389,0.49281,0.29684,1.50275,2.50784,1.49847,0.000297125,0.000297125,0.000297125
79,44.508,0.86851,1.1128,0.95146,0.40513,0.65259,0.49406,0.27227,1.57674,2.50486,1.5257,0.00028475,0.00028475,0.00028475
80,45.0854,0.87355,1.07215,0.97801,0.39753,0.65232,0.49509,0.26136,1.68278,2.57457,1.56832,0.000272375,0.000272375,0.000272375
81,45.6175,0.79073,1.03596,0.93437,0.39753,0.65232,0.49509,0.26136,1.68278,2.57457,1.56832,0.00026,0.00026,0.00026
82,46.2909,0.82341,0.95112,0.91428,0.45911,0.46037,0.48223,0.2603,1.70457,2.62282,1.58191,0.000247625,0.000247625,0.000247625
83,46.8838,0.80937,0.92184,0.91921,0.39154,0.55698,0.47896,0.26454,1.65057,2.62869,1.53702,0.00023525,0.00023525,0.00023525
84,47.5442,0.8538,1.04664,0.9219,0.38329,0.55478,0.47969,0.26453,1.62979,2.63352,1.51655,0.000222875,0.000222875,0.000222875
85,48.0989,0.85184,0.9401,0.93957,0.38329,0.55478,0.47969,0.26453,1.62979,2.63352,1.51655,0.0002105,0.0002105,0.0002105
86,48.7592,0.94314,1.17906,1.00132,0.38375,0.54941,0.47896,0.26266,1.60192,2.61783,1.50043,0.000198125,0.000198125,0.000198125
87,49.3927,0.86702,0.97588,0.95114,0.37263,0.52989,0.47897,0.26133,1.63254,2.59594,1.51659,0.00018575,0.00018575,0.00018575
88,49.961,0.9048,1.13642,0.95971,0.40928,0.45642,0.47758,0.26359,1.65959,2.57172,1.53284,0.000173375,0.000173375,0.000173375
89,50.5501,0.69179,0.98155,0.90199,0.40928,0.45642,0.47758,0.26359,1.65959,2.57172,1.53284,0.000161,0.000161,0.000161
90,51.1691,0.71392,0.96283,0.89545,0.41395,0.4717,0.41457,0.22736,1.67212,2.55956,1.53876,0.000148625,0.000148625,0.000148625
91,52.8936,0.68253,1.11178,0.8598,0.413,0.48768,0.43803,0.23469,1.6962,2.55282,1.55844,0.00013625,0.00013625,0.00013625
92,53.4915,0.7568,1.0881,0.96236,0.46311,0.43993,0.4431,0.24951,1.66789,2.49738,1.55009,0.000123875,0.000123875,0.000123875
93,54.1123,0.75536,1.0901,0.95054,0.46311,0.43993,0.4431,0.24951,1.66789,2.49738,1.55009,0.0001115,0.0001115,0.0001115
94,54.764,0.76721,1.13667,0.93007,0.47541,0.43482,0.44214,0.24898,1.64727,2.46903,1.53326,9.9125e-05,9.9125e-05,9.9125e-05
95,55.4418,0.71313,1.03009,0.95184,0.41913,0.49809,0.44135,0.25184,1.59822,2.45581,1.5184,8.675e-05,8.675e-05,8.675e-05
96,56.2059,0.68256,1.10219,0.91353,0.42025,0.50147,0.43985,0.24864,1.59022,2.43341,1.51252,7.4375e-05,7.4375e-05,7.4375e-05
97,56.7798,0.61812,0.9581,0.85726,0.42025,0.50147,0.43985,0.24864,1.59022,2.43341,1.51252,6.2e-05,6.2e-05,6.2e-05
98,57.4247,0.71191,1.02389,0.90637,0.42218,0.5038,0.44096,0.2485,1.59182,2.40864,1.51623,4.9625e-05,4.9625e-05,4.9625e-05
99,58.1401,0.70184,0.97747,0.92923,0.42491,0.50757,0.43986,0.24843,1.57105,2.40825,1.51178,3.725e-05,3.725e-05,3.725e-05
100,58.6861,0.71517,1.13528,0.91244,0.42763,0.50871,0.43956,0.24814,1.5649,2.39776,1.50829,2.4875e-05,2.4875e-05,2.4875e-05
